<?xml version="1.0" encoding="utf-8" standalone="yes"?>
<lnxgest>
  <cfpc>
    <autostart>OFF</autostart>
    <time>5000</time>
	<webuser>pedro</webuser>
	<webpassword>8425</webpassword>
    <urlwebserver>https://cloud2.lnxgest.net/app/lnxgest/ws/</urlwebserver>
	<lnxuser>pedro</lnxuser>
	<lnxpassword>8425</lnxpassword>
	<ftpuser>lnxprint</ftpuser>
	<ftppassword>ocnmZhkr8425</ftppassword>
	<ftpserver>ftp://cloud2.lnxgest.net</ftpserver>
  </cfpc>
  
  <printer>
    <printername>PRT1</printername>
    <winprinter>HP47B4DB (HP Deskjet 2540 series)</winprinter>
    <type>PDF</type>
  </printer>
  <printer>
    <printername>PRT2</printername>
    <winprinter>Microsoft XPS Document Writer</winprinter>
    <type>PDF</type>
  </printer>
  <printer>
    <printername>PRT3</printername>
    <winprinter>CutePDF Writer</winprinter>
    <type>TXT</type>
  </printer>

</lnxgest>